{"v":"5.7.4","fr":25,"ip":0,"op":91,"w":160,"h":160,"nm":"Comp 1","ddd":0,"assets":[{"id":"comp_0","layers":[{"ddd":0,"ind":1,"ty":4,"nm":"Shape Layer 2","sr":1,"ks":{"o":{"a":0,"k":100,"ix":11},"r":{"a":0,"k":0,"ix":10},"p":{"a":0,"k":[74.196,75.08,0],"ix":2,"l":2},"a":{"a":0,"k":[0,0,0],"ix":1,"l":2},"s":{"a":0,"k":[21.59,21.59,100],"ix":6,"l":2}},"ao":0,"shapes":[{"ind":0,"ty":"sh","ix":1,"ks":{"a":0,"k":{"i":[[0,0],[0,0],[0,0]],"o":[[0,0],[0,0],[0,0]],"v":[[-83.426,48.999],[5.056,125.074],[162.991,-57.635]],"c":false},"ix":2},"nm":"Trazado 1","mn":"ADBE Vector Shape - Group","hd":false},{"ty":"st","c":{"a":0,"k":[1,1,1,1],"ix":3},"o":{"a":0,"k":100,"ix":4},"w":{"a":0,"k":35,"ix":5},"lc":2,"lj":1,"ml":4,"bm":0,"nm":"Stroke 1","mn":"ADBE Vector Graphic - Stroke","hd":false},{"ty":"tm","s":{"a":0,"k":0,"ix":1},"e":{"a":0,"k":100,"ix":2},"o":{"a":0,"k":0,"ix":3},"m":1,"ix":3,"nm":"Trim Paths 1","mn":"ADBE Vector Filter - Trim","hd":false}],"ip":0,"op":125,"st":0,"bm":0},{"ddd":0,"ind":2,"ty":4,"nm":"Shape Layer 1","sr":1,"ks":{"o":{"a":0,"k":100,"ix":11},"r":{"a":0,"k":0,"ix":10},"p":{"a":0,"k":[79.502,80.127,0],"ix":2,"l":2},"a":{"a":0,"k":[0,0,0],"ix":1,"l":2},"s":{"a":0,"k":[25,25,100],"ix":6,"l":2}},"ao":0,"shapes":[{"ty":"gr","it":[{"d":1,"ty":"el","s":{"a":0,"k":[401.025,401.025],"ix":2},"p":{"a":0,"k":[0,0],"ix":3},"nm":"Ellipse Path 1","mn":"ADBE Vector Shape - Ellipse","hd":false},{"ty":"fl","c":{"a":0,"k":[0.058823529631,0.796078443527,0.701960802078,1],"ix":4},"o":{"a":0,"k":100,"ix":5},"r":1,"bm":0,"nm":"Fill 1","mn":"ADBE Vector Graphic - Fill","hd":false},{"ty":"tr","p":{"a":0,"k":[5.992,3.49],"ix":2},"a":{"a":0,"k":[0,0],"ix":1},"s":{"a":0,"k":[100,100],"ix":3},"r":{"a":0,"k":0,"ix":6},"o":{"a":0,"k":100,"ix":7},"sk":{"a":0,"k":0,"ix":4},"sa":{"a":0,"k":0,"ix":5},"nm":"Transformar"}],"nm":"Ellipse 1","np":2,"cix":2,"bm":0,"ix":1,"mn":"ADBE Vector Group","hd":false}],"ip":0,"op":125,"st":0,"bm":0}]},{"id":"comp_1","layers":[{"ddd":0,"ind":1,"ty":4,"nm":"Grupo 1","sr":1,"ks":{"o":{"a":0,"k":100,"ix":11},"r":{"a":0,"k":0,"ix":10},"p":{"a":0,"k":[199.862,254.57,0],"ix":2,"l":2},"a":{"a":0,"k":[0,0,0],"ix":1,"l":2},"s":{"a":0,"k":[100,100,100],"ix":6,"l":2}},"ao":0,"shapes":[{"ty":"rc","d":1,"s":{"a":0,"k":[399.724,509.139],"ix":2},"p":{"a":0,"k":[0,0],"ix":3},"r":{"a":0,"k":0,"ix":4},"nm":"Trazado de rectángulo 1","mn":"ADBE Vector Shape - Rect","hd":false}],"ip":0,"op":1500,"st":0,"bm":0},{"ddd":0,"ind":2,"ty":4,"nm":"Trazado 2","parent":1,"sr":1,"ks":{"o":{"a":0,"k":100,"ix":11},"r":{"a":0,"k":0,"ix":10},"p":{"a":0,"k":[22.762,-158.977,0],"ix":2,"l":2},"a":{"a":0,"k":[88.711,95.592,0],"ix":1,"l":2},"s":{"a":0,"k":[100,100,100],"ix":6,"l":2}},"ao":0,"shapes":[{"ty":"gr","it":[{"ind":0,"ty":"sh","ix":1,"ks":{"a":0,"k":{"i":[[48.935,0],[0,-48.935],[-14.654,-15.701],[0,0],[-2.879,1.832],[0,0],[-11.514,0],[0,48.935]],"o":[[-48.935,0],[0,23.552],[0,0],[-0.262,3.402],[0,0],[9.944,3.925],[48.935,0],[0,-48.935]],"v":[[88.711,0],[0,88.711],[23.813,149.16],[21.72,186.842],[28.262,190.506],[56.262,171.403],[88.711,177.422],[177.422,88.711]],"c":true},"ix":2},"nm":"Trazado 1","mn":"ADBE Vector Shape - Group","hd":false},{"ind":1,"ty":"sh","ix":2,"ks":{"a":0,"k":{"i":[[2.093,-3.925],[0,0],[3.925,-2.093],[5.495,0],[5.234,4.972],[0.262,8.374],[-1.047,1.57],[-1.832,0.262],[-1.047,-1.047],[0,-0.785],[-1.308,-2.093],[-2.617,-1.308],[-3.402,0],[-2.355,2.093],[0,3.402],[0.785,1.57],[1.832,1.047],[6.542,2.093],[2.617,2.093],[1.308,3.14],[0,3.664],[-4.449,4.449],[-7.327,0],[-3.925,-1.832],[-2.093,-3.664],[0,-4.972],[1.308,-1.308],[2.355,0],[1.047,1.047],[0,0.262],[2.093,1.832],[4.187,0],[2.355,-1.832],[0,-2.879],[-1.57,-1.308],[-7.851,-2.093],[-2.879,-1.308],[0,0],[-2.093,-3.402],[0,-4.71]],"o":[[0,0],[-2.355,3.925],[-3.664,1.832],[-8.374,0],[-4.972,-4.972],[0,0],[1.047,-1.047],[2.093,0],[0.785,0.785],[0.523,3.664],[1.308,2.093],[2.355,1.047],[4.449,0],[2.355,-2.093],[0,-1.832],[-0.785,-1.308],[-1.832,-1.047],[-6.28,-1.832],[-2.879,-1.832],[-1.57,-2.879],[0,-6.542],[4.449,-4.187],[4.972,0],[3.925,2.093],[2.355,3.664],[0.262,0],[-0.785,0.785],[-2.093,0],[-1.308,-1.047],[-0.523,-4.449],[-2.355,-2.093],[-4.449,0],[-2.093,1.832],[0,2.617],[1.047,1.047],[6.28,1.832],[0,0],[4.187,2.093],[2.355,3.402],[0,4.71]],"v":[[95.253,124.038],[95.253,124.038],[85.832,132.935],[71.963,135.814],[51.813,128.487],[43.963,108.337],[45.01,105.197],[49.458,103.365],[54.43,104.935],[55.477,107.552],[58.094,116.188],[64.113,121.421],[72.748,123.253],[83.215,120.113],[86.879,112.001],[85.571,107.029],[81.645,103.627],[68.823,99.178],[55.477,93.683],[48.935,86.356],[46.58,76.412],[53.122,59.926],[70.916,53.645],[84.262,56.524],[93.159,65.159],[96.561,78.243],[95.515,81.384],[91.328,83.215],[86.356,81.645],[85.047,79.029],[81.122,69.346],[71.178,66.206],[61.234,68.823],[58.094,75.627],[60.449,81.384],[72.225,86.094],[85.832,90.804],[85.832,90.804],[95.253,98.916],[98.655,111.216]],"c":true},"ix":2},"nm":"Trazado 2","mn":"ADBE Vector Shape - Group","hd":false},{"ind":2,"ty":"sh","ix":3,"ks":{"a":0,"k":{"i":[[1.57,-3.14],[0,0],[0,0],[2.093,0],[1.047,0.262],[-1.57,3.14],[0,0],[-2.879,-1.57],[0,0]],"o":[[0,0],[0,0],[-1.308,2.093],[-1.047,0],[-2.878,-1.832],[0,0],[1.57,-3.14],[0,0],[3.14,1.832]],"v":[[148.113,66.991],[148.113,66.991],[113.833,129.272],[108.337,132.412],[105.197,131.889],[102.842,123.253],[137.122,60.972],[145.496,58.355],[145.496,58.355]],"c":true},"ix":2},"nm":"Trazado 3","mn":"ADBE Vector Shape - Group","hd":false},{"ty":"fl","c":{"a":0,"k":[0.003921568627,0.81568627451,0.709803921569,1],"ix":4},"o":{"a":0,"k":100,"ix":5},"r":1,"bm":0,"nm":"Relleno 1","mn":"ADBE Vector Graphic - Fill","hd":false},{"ty":"tr","p":{"a":0,"k":[0,0],"ix":2},"a":{"a":0,"k":[0,0],"ix":1},"s":{"a":0,"k":[100,100],"ix":3},"r":{"a":0,"k":0,"ix":6},"o":{"a":0,"k":100,"ix":7},"sk":{"a":0,"k":0,"ix":4},"sa":{"a":0,"k":0,"ix":5},"nm":"Transformar"}],"nm":"Trazado 2","np":5,"cix":2,"bm":0,"ix":1,"mn":"ADBE Vector Group","hd":false}],"ip":0,"op":1500,"st":0,"bm":0},{"ddd":0,"ind":3,"ty":4,"nm":"Trazado 1","parent":1,"sr":1,"ks":{"o":{"a":0,"k":100,"ix":11},"r":{"a":0,"k":0,"ix":10},"p":{"a":0,"k":[0,99.693,0],"ix":2,"l":2},"a":{"a":0,"k":[199.862,154.877,0],"ix":1,"l":2},"s":{"a":0,"k":[100,100,100],"ix":6,"l":2}},"ao":0,"shapes":[{"ty":"gr","it":[{"ind":0,"ty":"sh","ix":1,"ks":{"a":0,"k":{"i":[[5.234,-0.523],[23.028,-2.355],[14.654,-1.832],[-1.57,10.467],[-1.047,-0.785],[-11.514,12.823],[-3.664,12.561],[5.495,20.673],[13.608,-13.084],[2.355,-2.355],[1.57,1.57],[1.57,-8.897],[5.234,-25.122],[2.355,-2.355],[2.355,-1.047],[-0.262,2.355],[-1.57,8.897],[-3.14,15.439],[6.019,1.308],[5.495,-9.682],[11.776,-12.299],[4.71,-13.608],[-4.71,-19.626],[-9.159,-2.617],[-6.804,7.327],[-2.879,3.925],[-7.327,0.523],[-6.28,1.832],[0.523,-5.495],[4.449,-0.785],[25.645,-4.187],[8.897,-1.57],[-3.402,12.037],[-8.897,32.71],[8.636,-2.093],[3.402,-9.944],[7.85,-19.626],[4.71,-4.187],[2.093,1.308],[-0.262,2.879],[-1.57,5.757],[-2.617,12.299],[9.159,0.262],[0.523,-9.159],[1.308,-4.449],[1.832,-6.542],[2.093,-12.823],[-8.897,-5.495],[-8.112,6.019],[-4.972,4.187],[4.71,-13.346],[2.093,-1.047],[10.467,-7.327],[6.019,-29.047],[-10.729,-8.374],[-11.776,5.757],[-7.589,9.944],[-7.85,23.552],[-4.71,0.785],[-26.692,5.234],[-9.159,1.57],[-0.785,-1.57],[-2.617,-0.785],[-2.355,2.093],[-1.047,3.664],[-3.664,0.523],[-24.075,3.14],[-14.131,2.355],[2.879,6.804]],"o":[[-22.767,1.57],[-14.131,1.308],[1.308,-10.467],[1.832,1.57],[14.131,9.944],[8.897,-9.682],[6.019,-19.888],[-4.71,-18.056],[-2.617,2.617],[-0.523,-2.355],[-6.542,-6.28],[-5.234,25.122],[-0.523,3.14],[-1.57,1.57],[-0.785,-2.617],[1.047,-8.897],[3.14,-15.439],[1.047,-5.495],[-8.374,-2.093],[-14.654,-8.636],[-10.206,10.467],[-6.542,18.58],[2.093,8.636],[9.682,2.879],[2.879,-3.14],[1.832,7.065],[6.28,-0.262],[-1.047,5.234],[-0.523,4.972],[-25.645,3.664],[-8.374,1.308],[3.664,-13.346],[9.159,-32.972],[2.355,-8.636],[-10.206,2.355],[-7.065,19.888],[-2.355,5.495],[-2.093,2.093],[-2.093,-1.308],[0.523,-6.019],[3.14,-12.299],[1.832,-7.851],[-6.019,-0.523],[-0.262,4.71],[-2.093,6.542],[-3.402,12.561],[-1.308,9.421],[9.159,5.757],[4.449,-3.14],[-4.71,14.131],[-0.523,2.093],[-11.252,6.28],[-24.337,16.224],[-2.617,12.822],[10.991,8.636],[11.514,-5.495],[15.439,-20.15],[1.57,-4.71],[26.43,-5.234],[8.636,-1.832],[0.262,3.14],[1.57,3.402],[2.617,1.047],[2.879,-2.617],[0.785,-3.925],[24.075,-3.14],[14.393,-1.832],[7.327,-1.308],[-2.093,-5.234]],"v":[[358.7,143.682],[289.877,149.439],[247.223,154.673],[251.671,124.318],[255.596,127.196],[294.849,123.009],[312.12,88.467],[316.569,28.018],[280.718,18.336],[272.868,25.925],[270.774,19.121],[251.933,24.878],[236.755,100.504],[231.26,109.14],[224.456,111.757],[222.101,104.168],[226.288,77.476],[235.97,31.42],[228.905,20.953],[213.727,29.065],[176.83,34.298],[155.633,71.196],[150.138,128.505],[165.839,146.299],[190.437,139.234],[198.549,128.505],[211.895,140.542],[230.475,135.308],[227.335,151.533],[220.007,158.86],[143.072,170.897],[117.689,175.346],[128.156,137.925],[155.372,39.27],[145.428,29.327],[125.54,48.168],[103.296,107.57],[91.521,121.963],[82.1,123.794],[78.96,114.635],[82.623,96.841],[92.567,60.467],[78.698,45.813],[70.586,57.588],[67.969,71.196],[61.165,90.56],[52.268,128.505],[61.689,152.841],[87.595,150.224],[100.941,138.972],[87.334,180.056],[82.1,184.767],[48.081,203.346],[0.978,270.599],[11.445,303.571],[46.249,305.141],[73.464,280.281],[105.652,213.29],[114.025,205.44],[193.577,189.215],[220.269,184.767],[220.793,191.832],[226.55,200.468],[236.232,197.327],[241.727,186.86],[248.269,180.841],[320.494,171.421],[363.41,165.402],[370.214,150.748]],"c":true},"ix":2},"nm":"Trazado 1","mn":"ADBE Vector Shape - Group","hd":false},{"ind":1,"ty":"sh","ix":2,"ks":{"a":0,"k":{"i":[[-1.308,4.71],[0,0],[-5.234,16.224],[-4.187,4.187],[-1.832,-6.804],[-0.262,-2.093],[6.542,-13.608],[10.206,0.785]],"o":[[0,0],[4.449,-16.486],[1.832,-5.757],[4.972,-5.234],[0.785,3.664],[-0.785,17.009],[-3.925,8.112],[-4.187,-0.523]],"v":[[258.737,103.906],[258.737,103.906],[272.606,54.71],[283.073,39.532],[295.111,42.934],[296.419,52.616],[284.643,97.364],[264.494,110.972]],"c":true},"ix":2},"nm":"Trazado 2","mn":"ADBE Vector Shape - Group","hd":false},{"ind":2,"ty":"sh","ix":3,"ks":{"a":0,"k":{"i":[[1.57,-5.495],[0,0],[6.019,-18.056],[1.832,-1.832],[2.617,5.757],[1.047,3.664],[-13.084,12.037],[-4.187,1.57]],"o":[[0,0],[-5.495,18.318],[-0.785,2.355],[-4.187,4.71],[-2.093,-4.71],[2.355,-18.318],[3.14,-2.879],[5.234,-2.093]],"v":[[210.063,53.401],[210.063,53.401],[192.531,108.093],[188.344,114.374],[174.998,112.804],[171.073,99.196],[190.175,52.878],[201.69,46.074]],"c":true},"ix":2},"nm":"Trazado 3","mn":"ADBE Vector Shape - Group","hd":false},{"ind":3,"ty":"sh","ix":4,"ks":{"a":0,"k":{"i":[[14.131,-16.486],[0,0],[3.664,-2.355],[1.57,1.57],[-0.523,2.617],[-3.14,5.757],[-20.673,9.421]],"o":[[0,0],[-2.879,3.402],[-2.355,1.308],[-2.093,-1.57],[1.57,-6.28],[10.467,-18.056],[-8.112,21.72]],"v":[[46.249,272.954],[46.249,272.954],[36.044,281.851],[27.408,282.636],[24.53,274.001],[31.595,255.945],[77.651,215.384]],"c":true},"ix":2},"nm":"Trazado 4","mn":"ADBE Vector Shape - Group","hd":false},{"ind":4,"ty":"sh","ix":5,"ks":{"a":0,"k":{"i":[[0,0.785],[0,0],[-4.187,1.047],[-4.187,24.075],[15.439,0.523],[6.019,-5.495],[2.617,-31.664],[-0.785,-4.972],[-16.748,4.187],[-9.944,10.467],[3.925,8.636],[5.757,-5.757],[6.28,-4.187],[5.234,4.187],[-0.523,5.757]],"o":[[0,0],[0.785,-3.925],[24.075,-4.972],[2.617,-15.178],[-8.374,-0.262],[-24.337,22.505],[0.523,5.234],[3.14,17.271],[14.393,-3.664],[6.542,-7.065],[-3.14,-7.327],[-5.495,5.234],[-4.71,3.402],[-5.495,-3.925],[0.262,-0.785]],"v":[[345.354,81.663],[345.354,81.663],[352.419,75.121],[399.261,26.71],[377.803,0.018],[356.083,7.868],[319.709,90.822],[321.279,106],[354.513,127.72],[390.102,104.953],[393.504,85.85],[381.728,84.28],[363.934,98.934],[348.232,100.243],[344.569,84.018]],"c":true},"ix":2},"nm":"Trazado 5","mn":"ADBE Vector Shape - Group","hd":false},{"ind":5,"ty":"sh","ix":6,"ks":{"a":0,"k":{"i":[[-5.495,8.374],[0,0],[-3.402,-2.879],[1.047,-3.14],[10.991,-3.402],[0.785,0.523]],"o":[[0,0],[2.093,-3.402],[2.093,1.832],[-4.187,10.991],[-0.785,-0.523],[4.972,-8.636]],"v":[[366.027,26.971],[366.027,26.971],[375.709,23.308],[377.279,34.037],[352.943,54.186],[350.849,52.616]],"c":true},"ix":2},"nm":"Trazado 6","mn":"ADBE Vector Shape - Group","hd":false},{"ty":"fl","c":{"a":0,"k":[1,1,1,1],"ix":4},"o":{"a":0,"k":100,"ix":5},"r":1,"bm":0,"nm":"Relleno 1","mn":"ADBE Vector Graphic - Fill","hd":false},{"ty":"tr","p":{"a":0,"k":[0,0],"ix":2},"a":{"a":0,"k":[0,0],"ix":1},"s":{"a":0,"k":[100,100],"ix":3},"r":{"a":0,"k":0,"ix":6},"o":{"a":0,"k":100,"ix":7},"sk":{"a":0,"k":0,"ix":4},"sa":{"a":0,"k":0,"ix":5},"nm":"Transformar"}],"nm":"Trazado 1","np":8,"cix":2,"bm":0,"ix":1,"mn":"ADBE Vector Group","hd":false}],"ip":0,"op":1500,"st":0,"bm":0}]},{"id":"comp_2","layers":[{"ddd":0,"ind":1,"ty":0,"nm":"trait","refId":"comp_3","sr":1,"ks":{"o":{"a":0,"k":100,"ix":11},"r":{"a":0,"k":90,"ix":10},"p":{"a":0,"k":[263.334,471.109,0],"ix":2,"l":2},"a":{"a":0,"k":[256,256,0],"ix":1,"l":2},"s":{"a":0,"k":[15,15,100],"ix":6,"l":2}},"ao":0,"w":512,"h":512,"ip":0,"op":125,"st":0,"bm":0},{"ddd":0,"ind":2,"ty":0,"nm":"trait","refId":"comp_3","sr":1,"ks":{"o":{"a":0,"k":100,"ix":11},"r":{"a":0,"k":-180,"ix":10},"p":{"a":0,"k":[51.641,253.275,0],"ix":2,"l":2},"a":{"a":0,"k":[256,256,0],"ix":1,"l":2},"s":{"a":0,"k":[15,15,100],"ix":6,"l":2}},"ao":0,"w":512,"h":512,"ip":0,"op":125,"st":0,"bm":0},{"ddd":0,"ind":3,"ty":0,"nm":"trait","refId":"comp_3","sr":1,"ks":{"o":{"a":0,"k":100,"ix":11},"r":{"a":0,"k":-90,"ix":10},"p":{"a":0,"k":[266.322,44.315,0],"ix":2,"l":2},"a":{"a":0,"k":[256,256,0],"ix":1,"l":2},"s":{"a":0,"k":[15,15,100],"ix":6,"l":2}},"ao":0,"w":512,"h":512,"ip":0,"op":125,"st":0,"bm":0},{"ddd":0,"ind":4,"ty":0,"nm":"trait","refId":"comp_3","sr":1,"ks":{"o":{"a":0,"k":100,"ix":11},"r":{"a":0,"k":0,"ix":10},"p":{"a":0,"k":[469.91,258.792,0],"ix":2,"l":2},"a":{"a":0,"k":[256,256,0],"ix":1,"l":2},"s":{"a":0,"k":[15,15,100],"ix":6,"l":2}},"ao":0,"w":512,"h":512,"ip":0,"op":125,"st":0,"bm":0},{"ddd":0,"ind":5,"ty":0,"nm":"trait 2","refId":"comp_4","sr":1,"ks":{"o":{"a":0,"k":100,"ix":11},"r":{"a":0,"k":-135.205,"ix":10},"p":{"a":0,"k":[410.865,406.53,0],"ix":2,"l":2},"a":{"a":0,"k":[256,256,0],"ix":1,"l":2},"s":{"a":0,"k":[-19.512,19.512,100],"ix":6,"l":2}},"ao":0,"w":512,"h":512,"ip":0,"op":125,"st":0,"bm":0},{"ddd":0,"ind":6,"ty":0,"nm":"trait 2","refId":"comp_4","sr":1,"ks":{"o":{"a":0,"k":100,"ix":11},"r":{"a":0,"k":-45.606,"ix":10},"p":{"a":0,"k":[105.535,402.598,0],"ix":2,"l":2},"a":{"a":0,"k":[256,256,0],"ix":1,"l":2},"s":{"a":0,"k":[-19.512,19.512,100],"ix":6,"l":2}},"ao":0,"w":512,"h":512,"ip":0,"op":125,"st":0,"bm":0},{"ddd":0,"ind":7,"ty":0,"nm":"trait 2","refId":"comp_4","sr":1,"ks":{"o":{"a":0,"k":100,"ix":11},"r":{"a":0,"k":-135.205,"ix":10},"p":{"a":0,"k":[104.864,111.71,0],"ix":2,"l":2},"a":{"a":0,"k":[256,256,0],"ix":1,"l":2},"s":{"a":0,"k":[19.512,19.512,100],"ix":6,"l":2}},"ao":0,"w":512,"h":512,"ip":0,"op":125,"st":0,"bm":0},{"ddd":0,"ind":8,"ty":0,"nm":"trait 2","refId":"comp_4","sr":1,"ks":{"o":{"a":0,"k":100,"ix":11},"r":{"a":0,"k":-45.606,"ix":10},"p":{"a":0,"k":[416.722,113.206,0],"ix":2,"l":2},"a":{"a":0,"k":[256,256,0],"ix":1,"l":2},"s":{"a":0,"k":[19.512,19.512,100],"ix":6,"l":2}},"ao":0,"w":512,"h":512,"ip":0,"op":125,"st":0,"bm":0},{"ddd":0,"ind":9,"ty":4,"nm":"Shape Layer 2","sr":1,"ks":{"o":{"a":0,"k":100,"ix":11},"r":{"a":0,"k":0,"ix":10},"p":{"a":0,"k":[236.888,240.258,0],"ix":2,"l":2},"a":{"a":0,"k":[0,0,0],"ix":1,"l":2},"s":{"a":0,"k":[69.59,69.59,100],"ix":6,"l":2}},"ao":0,"shapes":[{"ty":"gr","it":[{"ind":0,"ty":"sh","ix":1,"ks":{"a":0,"k":{"i":[[0,0],[0,0],[0,0]],"o":[[0,0],[0,0],[0,0]],"v":[[-76.426,37.999],[12.056,114.074],[169.991,-68.635]],"c":false},"ix":2},"nm":"Trazado 1","mn":"ADBE Vector Shape - Group","hd":false},{"ty":"st","c":{"a":0,"k":[1,1,1,1],"ix":3},"o":{"a":0,"k":100,"ix":4},"w":{"a":0,"k":35,"ix":5},"lc":2,"lj":1,"ml":4,"bm":0,"nm":"Stroke 1","mn":"ADBE Vector Graphic - Stroke","hd":false},{"ty":"tr","p":{"a":0,"k":[-7,11],"ix":2},"a":{"a":0,"k":[0,0],"ix":1},"s":{"a":0,"k":[100,100],"ix":3},"r":{"a":0,"k":0,"ix":6},"o":{"a":0,"k":100,"ix":7},"sk":{"a":0,"k":0,"ix":4},"sa":{"a":0,"k":0,"ix":5},"nm":"Transformar"}],"nm":"Shape 1","np":2,"cix":2,"bm":0,"ix":1,"mn":"ADBE Vector Group","hd":false},{"ty":"tm","s":{"a":0,"k":0,"ix":1},"e":{"a":1,"k":[{"i":{"x":[0.833],"y":[1]},"o":{"x":[0.167],"y":[0]},"t":0,"s":[0]},{"i":{"x":[0],"y":[0.973]},"o":{"x":[0.167],"y":[0.042]},"t":12.326,"s":[0]},{"i":{"x":[0.833],"y":[0.833]},"o":{"x":[0.828],"y":[0.011]},"t":16.493,"s":[32]},{"t":20.6591796875,"s":[100]}],"ix":2},"o":{"a":0,"k":0,"ix":3},"m":1,"ix":2,"nm":"Trim Paths 1","mn":"ADBE Vector Filter - Trim","hd":false}],"ip":0,"op":125,"st":0,"bm":0},{"ddd":0,"ind":10,"ty":4,"nm":"Shape Layer 1","sr":1,"ks":{"o":{"a":0,"k":100,"ix":11},"r":{"a":0,"k":0,"ix":10},"p":{"a":0,"k":[256,256,0],"ix":2,"l":2},"a":{"a":0,"k":[0,0,0],"ix":1,"l":2},"s":{"a":0,"k":[80,80,100],"ix":6,"l":2}},"ao":0,"shapes":[{"ty":"gr","it":[{"d":1,"ty":"el","s":{"a":1,"k":[{"i":{"x":[0.976,0.976],"y":[0.968,0.968]},"o":{"x":[0.654,0.654],"y":[0.007,0.007]},"t":0,"s":[0,0]},{"i":{"x":[0.468,0.468],"y":[1.057,1.057]},"o":{"x":[0.346,0.346],"y":[-4.83,-4.83]},"t":5.833,"s":[401.025,401.025]},{"i":{"x":[0.375,0.375],"y":[1.543,1.543]},"o":{"x":[0.364,0.364],"y":[0.031,0.031]},"t":10,"s":[372.7,372.7]},{"i":{"x":[0.833,0.833],"y":[1,1]},"o":{"x":[0.327,0.327],"y":[0,0]},"t":13.333,"s":[401.025,401.025]},{"t":16.6666666666667,"s":[401.025,401.025]}],"ix":2},"p":{"a":0,"k":[0,0],"ix":3},"nm":"Ellipse Path 1","mn":"ADBE Vector Shape - Ellipse","hd":false},{"ty":"fl","c":{"a":0,"k":[0.058823529631,0.796078443527,0.701960802078,1],"ix":4},"o":{"a":0,"k":100,"ix":5},"r":1,"bm":0,"nm":"Fill 1","mn":"ADBE Vector Graphic - Fill","hd":false},{"ty":"tr","p":{"a":0,"k":[5.992,3.49],"ix":2},"a":{"a":0,"k":[0,0],"ix":1},"s":{"a":0,"k":[100,100],"ix":3},"r":{"a":0,"k":0,"ix":6},"o":{"a":0,"k":100,"ix":7},"sk":{"a":0,"k":0,"ix":4},"sa":{"a":0,"k":0,"ix":5},"nm":"Transformar"}],"nm":"Ellipse 1","np":2,"cix":2,"bm":0,"ix":1,"mn":"ADBE Vector Group","hd":false}],"ip":0,"op":125,"st":0,"bm":0}]},{"id":"comp_3","layers":[{"ddd":0,"ind":1,"ty":4,"nm":"Shape Layer 1","sr":1,"ks":{"o":{"a":1,"k":[{"i":{"x":[0.572],"y":[0.556]},"o":{"x":[0.167],"y":[0.167]},"t":5.833,"s":[100]},{"i":{"x":[0.833],"y":[0.833]},"o":{"x":[0.641],"y":[0.056]},"t":10.833,"s":[92.154]},{"t":14.1666666666667,"s":[30]}],"ix":11},"r":{"a":0,"k":0,"ix":10},"p":{"a":0,"k":[256,256,0],"ix":2,"l":2},"a":{"a":0,"k":[0,0,0],"ix":1,"l":2},"s":{"a":0,"k":[100,100,100],"ix":6,"l":2}},"ao":0,"shapes":[{"ty":"gr","it":[{"ind":0,"ty":"sh","ix":1,"ks":{"a":0,"k":{"i":[[0,0],[0,0]],"o":[[0,0],[0,0]],"v":[[-230,4],[214,4]],"c":false},"ix":2},"nm":"Trazado 1","mn":"ADBE Vector Shape - Group","hd":false},{"ty":"st","c":{"a":0,"k":[0.058823529631,0.796078443527,0.701960802078,1],"ix":3},"o":{"a":0,"k":100,"ix":4},"w":{"a":0,"k":70,"ix":5},"lc":2,"lj":1,"ml":4,"bm":0,"nm":"Stroke 1","mn":"ADBE Vector Graphic - Stroke","hd":false},{"ty":"tr","p":{"a":0,"k":[0,0],"ix":2},"a":{"a":0,"k":[0,0],"ix":1},"s":{"a":0,"k":[100,100],"ix":3},"r":{"a":0,"k":0,"ix":6},"o":{"a":0,"k":100,"ix":7},"sk":{"a":0,"k":0,"ix":4},"sa":{"a":0,"k":0,"ix":5},"nm":"Transformar"}],"nm":"Shape 1","np":2,"cix":2,"bm":0,"ix":1,"mn":"ADBE Vector Group","hd":false},{"ty":"tm","s":{"a":1,"k":[{"i":{"x":[0.588],"y":[1]},"o":{"x":[0.167],"y":[0]},"t":5.833,"s":[0]},{"i":{"x":[0.696],"y":[0.999]},"o":{"x":[0.509],"y":[0.003]},"t":8.333,"s":[0]},{"t":13.3333333333333,"s":[100]}],"ix":1},"e":{"a":1,"k":[{"i":{"x":[0.566],"y":[0.999]},"o":{"x":[0.457],"y":[0.063]},"t":5.833,"s":[0]},{"t":13.3333333333333,"s":[100]}],"ix":2},"o":{"a":0,"k":0,"ix":3},"m":1,"ix":2,"nm":"Trim Paths 1","mn":"ADBE Vector Filter - Trim","hd":false}],"ip":0,"op":125,"st":0,"bm":0}]},{"id":"comp_4","layers":[{"ddd":0,"ind":1,"ty":4,"nm":"Shape Layer 1","sr":1,"ks":{"o":{"a":1,"k":[{"i":{"x":[0.572],"y":[0.556]},"o":{"x":[0.167],"y":[0.167]},"t":8.333,"s":[100]},{"i":{"x":[0.833],"y":[0.833]},"o":{"x":[0.641],"y":[0.056]},"t":13.333,"s":[92.154]},{"t":16.6666666666667,"s":[30]}],"ix":11},"r":{"a":0,"k":0,"ix":10},"p":{"a":0,"k":[256,256,0],"ix":2,"l":2},"a":{"a":0,"k":[0,0,0],"ix":1,"l":2},"s":{"a":0,"k":[100,100,100],"ix":6,"l":2}},"ao":0,"shapes":[{"ty":"gr","it":[{"ind":0,"ty":"sh","ix":1,"ks":{"a":0,"k":{"i":[[0,0],[0,0]],"o":[[0,0],[0,0]],"v":[[-230,4],[214,4]],"c":false},"ix":2},"nm":"Trazado 1","mn":"ADBE Vector Shape - Group","hd":false},{"ty":"st","c":{"a":0,"k":[0.058823529631,0.796078443527,0.701960802078,1],"ix":3},"o":{"a":0,"k":100,"ix":4},"w":{"a":0,"k":70,"ix":5},"lc":2,"lj":1,"ml":4,"bm":0,"nm":"Stroke 1","mn":"ADBE Vector Graphic - Stroke","hd":false},{"ty":"tr","p":{"a":0,"k":[0,0],"ix":2},"a":{"a":0,"k":[0,0],"ix":1},"s":{"a":0,"k":[100,100],"ix":3},"r":{"a":0,"k":0,"ix":6},"o":{"a":0,"k":100,"ix":7},"sk":{"a":0,"k":0,"ix":4},"sa":{"a":0,"k":0,"ix":5},"nm":"Transformar"}],"nm":"Shape 1","np":2,"cix":2,"bm":0,"ix":1,"mn":"ADBE Vector Group","hd":false},{"ty":"tm","s":{"a":1,"k":[{"i":{"x":[0.588],"y":[1]},"o":{"x":[0.167],"y":[0]},"t":8.333,"s":[0]},{"i":{"x":[0.696],"y":[0.999]},"o":{"x":[0.509],"y":[0.003]},"t":10.833,"s":[0]},{"t":15.8333333333333,"s":[100]}],"ix":1},"e":{"a":1,"k":[{"i":{"x":[0.566],"y":[0.999]},"o":{"x":[0.457],"y":[0.063]},"t":8.333,"s":[0]},{"t":15.8333333333333,"s":[100]}],"ix":2},"o":{"a":0,"k":0,"ix":3},"m":1,"ix":2,"nm":"Trim Paths 1","mn":"ADBE Vector Filter - Trim","hd":false}],"ip":0,"op":125,"st":0,"bm":0}]}],"layers":[{"ddd":0,"ind":1,"ty":0,"nm":"Precomp. 1","refId":"comp_0","sr":1,"ks":{"o":{"a":0,"k":100,"ix":11},"r":{"a":0,"k":0,"ix":10},"p":{"a":0,"k":[80,80,0],"ix":2,"l":2},"a":{"a":0,"k":[80,80,0],"ix":1,"l":2},"s":{"a":1,"k":[{"i":{"x":[0.833,0.833,0.833],"y":[0.833,0.833,0.833]},"o":{"x":[0.167,0.167,0.167],"y":[0.167,0.167,0.167]},"t":29,"s":[100,100,100]},{"t":38,"s":[0,0,100]}],"ix":6,"l":2}},"ao":0,"w":160,"h":160,"ip":29,"op":38,"st":29,"bm":0},{"ddd":0,"ind":2,"ty":0,"nm":"Comp 2","refId":"comp_1","sr":1,"ks":{"o":{"a":0,"k":100,"ix":11},"r":{"a":0,"k":0,"ix":10},"p":{"a":0,"k":[80,80,0],"ix":2,"l":2},"a":{"a":0,"k":[200,255,0],"ix":1,"l":2},"s":{"a":1,"k":[{"i":{"x":[0.833,0.833,0.833],"y":[0.833,0.833,0.833]},"o":{"x":[0.167,0.167,0.167],"y":[0.167,0.167,0.167]},"t":37,"s":[2,2,100]},{"i":{"x":[0.833,0.833,0.833],"y":[0.833,0.833,0.833]},"o":{"x":[0.167,0.167,0.167],"y":[0.167,0.167,0.167]},"t":50,"s":[30,30,100]},{"i":{"x":[0.833,0.833,0.833],"y":[0.833,0.833,0.833]},"o":{"x":[0.167,0.167,0.167],"y":[0.167,0.167,0.167]},"t":83,"s":[23,23,100]},{"t":91,"s":[0,0,100]}],"ix":6,"l":2}},"ao":0,"w":400,"h":510,"ip":37,"op":91,"st":37,"bm":0},{"ddd":0,"ind":3,"ty":0,"nm":"Comp 1","refId":"comp_2","sr":1,"ks":{"o":{"a":0,"k":100,"ix":11},"r":{"a":0,"k":0,"ix":10},"p":{"a":0,"k":[80,80,0],"ix":2,"l":2},"a":{"a":0,"k":[256,256,0],"ix":1,"l":2},"s":{"a":0,"k":[31.25,31.25,100],"ix":6,"l":2}},"ao":0,"w":512,"h":512,"ip":0,"op":30,"st":0,"bm":0}],"markers":[]}